FFEUID_1,FFEUID_2,FFEUID_3
FFEUID014008,FFEUID007472
FFEUID007164,FFEUID013955
FFEUID013610,FFEUID007101
FFEUID012805,FFEUID015220
FFEUID007264,FFEUID007271
FFEUID014272,FFEUID006364
FFEUID007335,FFEUID006715
FFEUID007256,FFEUID015392
FFEUID006754,FFEUID018417
FFEUID006781,FFEUID014411
FFEUID006400,FFEUID006401
FFEUID007004,FFEUID013619
FFEUID013789,FFEUID005762
FFEUID019742,FFEUID010695
FFEUID026541,FFEUID007169
FFEUID014648,FFEUID019099
FFEUID014244,FFEUID014163
FFEUID013770,FFEUID006463
FFEUID013481,FFEUID007286
FFEUID009622,FFEUID015086
FFEUID006497,FFEUID013663
FFEUID006960,FFEUID026630
FFEUID006542,FFEUID013490
FFEUID005639,FFEUID014381
FFEUID014412,FFEUID006761
FFEUID006378,FFEUID013527
FFEUID014426,FFEUID006688
FFEUID019050,FFEUID010894
FFEUID014467,FFEUID006527
FFEUID013631,FFEUID007444
FFEUID007319,FFEUID013802
FFEUID015211,FFEUID014283
FFEUID006797,FFEUID013957
FFEUID006869,FFEUID014077
FFEUID006904,FFEUID014024
FFEUID006925,FFEUID006926
FFEUID006966,FFEUID027554
FFEUID014306,FFEUID027630
FFEUID014401,FFEUID015249
FFEUID013804,FFEUID006858
FFEUID006674,FFEUID013197
FFEUID007446,FFEUID026768
FFEUID007065,FFEUID015246
FFEUID007139,FFEUID014454
FFEUID007156,FFEUID013817
